ticker,code,market,name,avg_value_krw,last_close,n_days
000660.KS,660,KOSPI,SK하이닉스,7106369334458,1796000,24
005930.KS,5930,KOSPI,삼성전자,6691833116354,273750,24
069500.KS,69500,KOSPI,"Empty DataFrame
Columns: []
Index: []",2112100107531,115130,24
005380.KS,5380,KOSPI,현대차,1109798916250,658000,24
001440.KS,1440,KOSPI,대한전선,808305641493,56500,24
402340.KS,402340,KOSPI,SK스퀘어,737087472208,1042000,24
009150.KS,9150,KOSPI,삼성전기,706550222125,982000,24
091160.KS,91160,KOSPI,"Empty DataFrame
Columns: []
Index: []",678000034235,142355,24
006400.KS,6400,KOSPI,삼성SDI,584910145958,592000,24
034020.KS,34020,KOSPI,두산에너빌리티,538765139529,106200,24
114800.KS,114800,KOSPI,"Empty DataFrame
Columns: []
Index: []",523263718193,1153,24
229200.KS,229200,KOSPI,"Empty DataFrame
Columns: []
Index: []",480427268164,18140,24
066570.KS,66570,KOSPI,LG전자,400586991225,218000,24
010120.KS,10120,KOSPI,LS ELECTRIC,380540152504,242000,24
360750.KS,360750,KOSPI,"Empty DataFrame
Columns: []
Index: []",376270798833,27455,24
329180.KS,329180,KOSPI,HD현대중공업,362427196354,607000,24
079550.KS,79550,KOSPI,LIG디펜스앤에어로스페이스,323769956541,838000,24
006800.KS,6800,KOSPI,미래에셋증권,323475242054,70400,24
036930.KQ,36930,KOSDAQ,주성엔지니어링,306692783233,174300,24
012330.KS,12330,KOSPI,현대모비스,291480873229,575000,24
005490.KS,5490,KOSPI,POSCO홀딩스,286022860666,448000,24
012450.KS,12450,KOSPI,한화에어로스페이스,283911995583,1230000,24
080220.KQ,080220,KOSDAQ,제주반도체,273923770410,86200,24
000270.KS,270,KOSPI,기아,244946830041,162400,24
032820.KQ,032820,KOSDAQ,우리기술,240047765447,16720,24
098460.KQ,098460,KOSDAQ,고영,238258444525,35050,24
298040.KS,298040,KOSPI,효성중공업,229099864250,3614000,24
028260.KS,28260,KOSPI,삼성물산,223885921229,383500,24
267260.KS,267260,KOSPI,HD현대일렉트릭,223572778541,1110000,24
007660.KS,7660,KOSPI,이수페타시스,219174209420,126900,24
373220.KS,373220,KOSPI,LG에너지솔루션,217549456020,400000,24
042660.KS,42660,KOSPI,한화오션,214296126045,115000,24
000720.KS,720,KOSPI,현대건설,211033275445,140700,24
086520.KQ,86520,KOSDAQ,에코프로,210791698020,124600,24
064350.KS,64350,KOSPI,현대로템,209443226620,199100,24
305720.KS,305720,KOSPI,"Empty DataFrame
Columns: []
Index: []",201356461781,18785,24
028050.KS,28050,KOSPI,삼성E&A,196953364947,48550,24
009830.KS,9830,KOSPI,한화솔루션,196912901077,40250,24
105560.KS,105560,KOSPI,KB금융,188124559441,152100,24
062040.KS,62040,KOSPI,산일전기,180624748837,252500,24
379810.KS,379810,KOSPI,"Empty DataFrame
Columns: []
Index: []",180361383780,28780,24
018880.KS,18880,KOSPI,한온시스템,175741070635,4780,24
178320.KQ,178320,KOSDAQ,서진시스템,175163228833,72100,24
035420.KS,35420,KOSPI,NAVER,174575593354,198000,24
011070.KS,11070,KOSPI,LG이노텍,170952576354,704000,24
090710.KQ,090710,KOSDAQ,휴림로봇,167812957155,12140,24
277810.KQ,277810,KOSDAQ,레인보우로보틱스,164793625083,737000,24
010060.KS,10060,KOSPI,OCI홀딩스,161554349720,303000,24
307950.KS,307950,KOSPI,현대오토에버,158882672875,590000,24
319400.KQ,319400,KOSDAQ,현대무벡스,152756686752,37100,24
403870.KQ,403870,KOSDAQ,HPSP,151684515660,52000,24
196170.KQ,196170,KOSDAQ,알테오젠,144840664458,351000,24
034220.KS,34220,KOSPI,LG디스플레이,140189517574,13060,24
051910.KS,51910,KOSPI,LG화학,138714628187,364500,24
454910.KS,454910,KOSPI,두산로보틱스,134363002729,115300,24
047810.KS,47810,KOSPI,한국항공우주,132023908983,157300,24
247540.KQ,247540,KOSDAQ,에코프로비엠,130781562266,188800,24
108490.KQ,108490,KOSDAQ,로보티즈,128818928854,308500,24
011790.KS,11790,KOSPI,SKC,128422537575,127300,24
006360.KS,6360,KOSPI,GS건설,125495209916,30150,24
000150.KS,150,KOSPI,두산,123818148208,1544000,24
450080.KS,450080,KOSPI,에코프로머티,123060213220,62900,24
082740.KS,82740,KOSPI,한화엔진,122749309366,67800,24
375500.KS,375500,KOSPI,DL이앤씨,122417321975,77400,24
032830.KS,32830,KOSPI,삼성생명,121293803875,306500,24
067310.KQ,67310,KOSDAQ,하나마이크론,120338082025,51200,24
058470.KQ,58470,KOSDAQ,리노공업,120066069633,100800,24
055550.KS,55550,KOSPI,신한지주,115613952912,91700,24
016360.KS,16360,KOSPI,삼성증권,115008502016,117500,24
064400.KS,64400,KOSPI,LG씨엔에스,113241871287,81100,24
003670.KS,3670,KOSPI,포스코퓨처엠,111644080208,226500,24
015760.KS,15760,KOSPI,한국전력,107996692217,36625,24
006260.KS,6260,KOSPI,LS,106860774854,468500,24
272210.KS,272210,KOSPI,한화시스템,105536511191,102800,24
440110.KQ,440110,KOSDAQ,파두,105164940500,93500,24
009540.KS,9540,KOSPI,HD한국조선해양,104605375229,401000,24
086280.KS,86280,KOSPI,현대글로비스,104017965083,229000,24
034730.KS,34730,KOSPI,SK,100848320020,515000,24
086790.KS,86790,KOSPI,하나금융지주,100421923125,115500,24
017670.KS,17670,KOSPI,SK텔레콤,98003552858,99000,24
443060.KS,443060,KOSPI,HD현대마린솔루션,97159668837,211000,24
364980.KS,364980,KOSPI,"Empty DataFrame
Columns: []
Index: []",96531723611,12410,24
207940.KS,207940,KOSPI,삼성바이오로직스,94166571375,1374000,24
000810.KS,810,KOSPI,삼성화재,93465431458,553000,24
018260.KS,18260,KOSPI,삼성에스디에스,89683963841,177200,24
089030.KQ,089030,KOSDAQ,테크윙,86200959741,48000,24
298380.KQ,298380,KOSDAQ,에이비엘바이오,83855002058,109600,24
039490.KS,39490,KOSPI,키움증권,82951675145,381000,24
071050.KS,71050,KOSPI,한국금융지주,82368711854,236000,24
035720.KS,35720,KOSPI,카카오,81364374512,42100,24
381180.KS,381180,KOSPI,"Empty DataFrame
Columns: []
Index: []",80833275738,44635,24
240810.KQ,240810,KOSDAQ,원익IPS,80648408970,111900,24
141080.KQ,141080,KOSDAQ,리가켐바이오,75832028066,161400,24
352820.KS,352820,KOSPI,하이브,75301917270,230000,24
222800.KQ,222800,KOSDAQ,심텍,74637185587,97600,24
316140.KS,316140,KOSPI,우리금융지주,72319143527,30650,24
078600.KQ,078600,KOSDAQ,대주전자재료,69436506204,152700,24
010950.KS,10950,KOSPI,S-Oil,63670251987,109000,24
010130.KS,10130,KOSPI,고려아연,62383083458,1397000,24
004020.KS,4020,KOSPI,현대제철,61130378537,42400,24
058610.KQ,58610,KOSDAQ,에스피지,60389081600,125700,24
093370.KS,93370,KOSPI,후성,59661446888,11350,24
131970.KQ,131970,KOSDAQ,두산테스나,59444656433,166300,24
047050.KS,47050,KOSPI,포스코인터내셔널,59052716291,68800,24
005290.KQ,005290,KOSDAQ,동진쎄미켐,58982539516,53000,24
267250.KS,267250,KOSPI,HD현대,56863612666,265500,24
347700.KQ,347700,KOSDAQ,스피어,53381426225,45100,24
263750.KQ,263750,KOSDAQ,펄어비스,49192452850,45850,24
039030.KQ,39030,KOSDAQ,이오테크닉스,48974675187,461500,24
259960.KS,259960,KOSPI,크래프톤,48846063291,272500,24
128940.KS,128940,KOSPI,한미약품,48579369229,425000,24
226950.KQ,226950,KOSDAQ,올릭스,48541217600,146600,24
071970.KS,71970,KOSPI,HD현대마린엔진,46660523887,75500,24
003550.KS,3550,KOSPI,LG,46601595208,116300,24
329200.KS,329200,KOSPI,"Empty DataFrame
Columns: []
Index: []",46055750367,4215,24
052690.KS,52690,KOSPI,한전기술,45294937275,140600,24
028300.KQ,28300,KOSDAQ,HLB,44723665431,49450,24
083650.KQ,083650,KOSDAQ,비에이치아이,42332756420,78900,24
090430.KS,90430,KOSPI,아모레퍼시픽,42252224579,118800,24
088350.KS,88350,KOSPI,한화생명,41816756955,5320,24
000880.KS,880,KOSPI,한화,39089236537,126900,24
036570.KS,36570,KOSPI,NC,38589143479,262500,24
257720.KQ,257720,KOSDAQ,실리콘투,38341410966,39000,24
120110.KS,120110,KOSPI,코오롱인더,38151147862,75400,24
008770.KS,8770,KOSPI,호텔신라,37958456010,59100,24
323280.KQ,323280,KOSDAQ,태성,36796313733,65200,24
347850.KQ,347850,KOSDAQ,디앤디파마텍,36763208041,61200,24
214450.KQ,214450,KOSDAQ,파마리서치,36197033208,310000,24
204320.KS,204320,KOSPI,HL만도,35185041450,57700,24
011210.KS,11210,KOSPI,현대위아,34957449637,85800,24
112610.KS,112610,KOSPI,씨에스윈드,34825146129,51300,24
011170.KS,11170,KOSPI,롯데케미칼,34762501641,81800,24
005940.KS,5940,KOSPI,NH투자증권,33795030789,31550,24
005830.KS,5830,KOSPI,DB손해보험,33433429016,158000,24
004170.KS,4170,KOSPI,신세계,32902037500,487000,24
021240.KS,21240,KOSPI,코웨이,31823537000,91900,24
377300.KS,377300,KOSPI,카카오페이,31195560216,48300,24
017960.KS,17960,KOSPI,한국카본,31175578120,36600,24
014680.KS,14680,KOSPI,한솔케미칼,28294718229,291000,24
138040.KS,138040,KOSPI,메리츠금융지주,28015013925,103700,24
030200.KS,30200,KOSPI,KT,27755243725,56700,24
024110.KS,24110,KOSPI,기업은행,27007556768,20250,24
011200.KS,11200,KOSPI,HMM,25719732433,19390,24
028670.KS,28670,KOSPI,팬오션,25406764417,5740,24
161390.KS,161390,KOSPI,한국타이어앤테크놀로지,25088972495,60400,24
161890.KS,161890,KOSPI,한국콜마,25060368904,91400,24
139480.KS,139480,KOSPI,이마트,24901405766,97500,24
064760.KQ,64760,KOSDAQ,티씨케이,24672105750,284500,24
078930.KS,78930,KOSPI,GS,24570013454,72000,24
017800.KS,17800,KOSPI,현대엘리베이터,23126818387,84600,24
357780.KQ,357780,KOSDAQ,솔브레인,22868923625,402500,24
241560.KS,241560,KOSPI,두산밥캣,22671970187,66500,24
023530.KS,23530,KOSPI,롯데쇼핑,22641134462,158600,24
000100.KS,100,KOSPI,유한양행,22590307433,82400,24
002380.KS,2380,KOSPI,KCC,22493547000,506000,24
298020.KS,298020,KOSPI,효성티앤씨,21064001708,418000,24
022100.KS,22100,KOSPI,포스코DX,20802155479,34200,24
323410.KS,323410,KOSPI,카카오뱅크,20728687410,21950,24
326030.KS,326030,KOSPI,SK바이오팜,20669063783,93100,24
001430.KS,1430,KOSPI,세아베스틸지주,20615189995,66200,24
192820.KS,192820,KOSPI,코스맥스,20005120458,178200,24
011780.KS,11780,KOSPI,금호석유화학,19486497387,140600,24
051900.KS,51900,KOSPI,LG생활건강,18802891479,258000,24
103140.KS,103140,KOSPI,풍산,18474178437,84200,24
005850.KS,5850,KOSPI,에스엘,16707774095,65500,24
032640.KS,32640,KOSPI,LG유플러스,16579283757,15570,24
001450.KS,1450,KOSPI,현대해상,16545263416,36950,24
097950.KS,97950,KOSPI,CJ제일제당,16066327854,221000,24
145020.KQ,145020,KOSDAQ,휴젤,16066042520,262000,24
007340.KS,7340,KOSPI,DN오토모티브,14661015462,46000,24
069960.KS,69960,KOSPI,현대백화점,14075791158,109800,24
271560.KS,271560,KOSPI,오리온,14002372545,133000,24
175330.KS,175330,KOSPI,JB금융지주,13506932204,24900,24
180640.KS,180640,KOSPI,한진칼,13157947087,108900,24
139130.KS,139130,KOSPI,iM금융지주,12942369608,17740,24
035900.KQ,35900,KOSDAQ,JYP Ent.,12410076716,61500,24
051600.KS,51600,KOSPI,한전KPS,12025433708,54500,24
251270.KS,251270,KOSPI,넷마블,11970698187,41950,24
006650.KS,6650,KOSPI,대한유화,11269274545,140000,24
035250.KS,35250,KOSPI,강원랜드,10889489470,15790,24
036460.KS,36460,KOSPI,한국가스공사,10802367368,36150,24
000210.KS,210,KOSPI,DL,10523605550,56000,24
034230.KS,34230,KOSPI,파라다이스,10076215648,14330,24
003030.KS,3030,KOSPI,세아제강지주,10013601587,171800,24
004370.KS,4370,KOSPI,농심,9336036395,396000,24
282330.KS,282330,KOSPI,BGF리테일,8617252754,135500,24
004990.KS,4990,KOSPI,롯데지주,8227584077,26550,24
383220.KS,383220,KOSPI,F&F,8139886533,81600,24
030000.KS,30000,KOSPI,제일기획,8128884496,19180,24
204270.KQ,204270,KOSDAQ,제이앤티씨,7805853122,20650,24
006280.KS,6280,KOSPI,녹십자,7769292091,133400,24
004000.KS,4000,KOSPI,롯데정밀화학,7682006383,53300,24
029780.KS,29780,KOSPI,삼성카드,7364375116,49000,24
111770.KS,111770,KOSPI,영원무역,6650316345,89600,24
361610.KS,361610,KOSPI,SK아이이테크놀로지,6637098081,20450,24
081660.KS,81660,KOSPI,미스토홀딩스,6411684947,39800,24
192080.KS,192080,KOSPI,더블유게임즈,6328900550,60300,24
007070.KS,7070,KOSPI,GS리테일,6262610383,27950,24
005420.KS,5420,KOSPI,코스모화학,6170819485,14210,24
298050.KS,298050,KOSPI,HS효성첨단소재,5899518875,220000,24
112040.KQ,112040,KOSDAQ,위메이드,5560675119,19830,24
005250.KS,5250,KOSPI,녹십자홀딩스,5516974068,15430,24
302440.KS,302440,KOSPI,SK바이오사이언스,5413497970,40250,24
001800.KS,1800,KOSPI,오리온홀딩스,4923888322,25800,24
012750.KS,12750,KOSPI,에스원,4805114445,72700,24
073240.KS,73240,KOSPI,금호타이어,4757598495,4915,24
069620.KS,69620,KOSPI,대웅제약,4554888987,131200,24
009970.KS,9970,KOSPI,영원무역홀딩스,4405526604,196400,24
114090.KS,114090,KOSPI,GKL,4196686461,11830,24
086900.KQ,86900,KOSDAQ,메디톡스,4142976975,98300,24
069260.KS,69260,KOSPI,TKG휴켐스,4061768681,17580,24
002790.KS,2790,KOSPI,아모레퍼시픽홀딩스,3972735172,24350,24
008930.KS,8930,KOSPI,한미사이언스,3879474316,32700,24
272580.KS,272580,KOSPI,"Empty DataFrame
Columns: []
Index: []",3745018342,56650,24
004490.KS,4490,KOSPI,세방전지,3332448845,59200,24
000240.KS,240,KOSPI,한국앤컴퍼니,3275958772,24100,24
009240.KS,9240,KOSPI,한샘,3096344068,33500,24
148070.KS,148070,KOSPI,"Empty DataFrame
Columns: []
Index: []",3028821720,103760,24
